{
    "train_loss": [
        0.5553764933518001,
        0.37008739459514617,
        0.27814520620448246,
        0.22882509242636817,
        0.20580562450204576,
        0.18221384598527635,
        0.17088363921642302,
        0.15196451275902134,
        0.14088598389923573,
        0.12149175741204193,
        0.11555913389474154,
        0.10742563654056617,
        0.09903755748431597,
        0.08674619745037386,
        0.08290870146187289,
        0.08072985408960709,
        0.07495238941189433,
        0.07388000350006457,
        0.07181136119179428,
        0.05872145337505,
        0.05499722559696862,
        0.05435526390799454,
        0.05183259879930743,
        0.05051523027090089,
        0.048790390460552384,
        0.045581867074926515,
        0.04532571517410023,
        0.042186181375224674,
        0.03828113205118903,
        0.0372099496018075,
        0.03391100147630953,
        0.03734280708861271
    ],
    "train_acc": [
        0.7604285714285715,
        0.8564285714285714,
        0.8944285714285715,
        0.9146428571428571,
        0.9247857142857143,
        0.9339285714285714,
        0.939,
        0.9445714285714286,
        0.9494285714285714,
        0.9582857142857143,
        0.9587142857142857,
        0.9633571428571429,
        0.9667857142857142,
        0.9695,
        0.9695,
        0.9712857142857143,
        0.9742857142857143,
        0.9748571428571429,
        0.9764285714285714,
        0.9808571428571429,
        0.9815,
        0.9825,
        0.9835,
        0.9838571428571429,
        0.9861428571428571,
        0.9859285714285714,
        0.9855714285714285,
        0.9868571428571429,
        0.9885714285714285,
        0.987,
        0.9883571428571428,
        0.9888571428571429
    ],
    "val_loss": [
        0.4414311018784841,
        0.23823724869887034,
        0.20398058819770812,
        0.20137342023849486,
        0.14318334221839904,
        0.1364395155310631,
        0.2589891529207428,
        0.12644903901219368,
        0.11076811872919401,
        0.09891859138011933,
        0.1223311887110273,
        0.12403115195905169,
        0.08748570198814075,
        0.10076307774459323,
        0.11835591683723032,
        0.11367147126669686,
        0.10437499093885223,
        0.10490225233634314,
        0.11992151094942043,
        0.11427611573707933,
        0.12322773571141685,
        0.0985075254937013,
        0.12827570956666023,
        0.14270611120116275,
        0.11859373803048705,
        0.12078583501527707,
        0.12756652379284303,
        0.13995244643953628,
        0.14303509305258436,
        0.13392034266062547,
        0.17083754971549692,
        0.16942187118939667
    ],
    "val_acc": [
        0.8216666666666667,
        0.918,
        0.9283333333333333,
        0.9176666666666666,
        0.95,
        0.954,
        0.933,
        0.9516666666666667,
        0.9566666666666667,
        0.9646666666666667,
        0.958,
        0.9593333333333334,
        0.969,
        0.9663333333333334,
        0.9613333333333334,
        0.9606666666666667,
        0.9683333333333334,
        0.9663333333333334,
        0.9686666666666667,
        0.97,
        0.9693333333333334,
        0.974,
        0.9666666666666667,
        0.9656666666666667,
        0.969,
        0.9693333333333334,
        0.967,
        0.9653333333333334,
        0.9643333333333334,
        0.9656666666666667,
        0.964,
        0.9633333333333334
    ]
}