{
    "train_loss": [
        0.565875798872539,
        0.35623575633764265,
        0.2745052306992667,
        0.24202184265851975,
        0.21919872432521412,
        0.19877554265941894,
        0.18690045902984484,
        0.1820743464742388,
        0.16305057786511523,
        0.16096503332044398,
        0.14198480612465314,
        0.13524041653956687,
        0.1272517042772046,
        0.12689274299038308,
        0.11804135297558137,
        0.11365100908279419,
        0.11084513920864889,
        0.10218960257779275,
        0.10077880263594645,
        0.09926794065375413,
        0.0933419439454696,
        0.09461677178367972,
        0.08775614810575331,
        0.08742610167392663,
        0.08342428570746312,
        0.08848352216636496,
        0.0789685251169971,
        0.07389330228178628,
        0.07665768893595253,
        0.07463595764485322,
        0.07561391775363258,
        0.07113751703261265,
        0.07021514307547892,
        0.07272271794027516,
        0.06400542967952788,
        0.06277158838623602,
        0.06513034302821116,
        0.06350675418467394,
        0.0656440334772425,
        0.05980101090363626,
        0.056720644483475816,
        0.06341380818587329,
        0.058430848197745425,
        0.06171338964825762,
        0.045865895734700776,
        0.04533768977949928,
        0.04564984028433849,
        0.044647182055482904,
        0.04418339177926204,
        0.04043296017145206
    ],
    "train_acc": [
        0.7594285714285715,
        0.8702857142857143,
        0.8950714285714285,
        0.9112142857142858,
        0.9192857142857143,
        0.9266428571428571,
        0.9306428571428571,
        0.9345,
        0.941,
        0.9407857142857143,
        0.9476428571428571,
        0.9526428571428571,
        0.954,
        0.955,
        0.9558571428571428,
        0.9601428571428572,
        0.9624285714285714,
        0.9622142857142857,
        0.9662142857142857,
        0.9652857142857143,
        0.9691428571428572,
        0.9696428571428571,
        0.9698571428571429,
        0.9697142857142858,
        0.9711428571428572,
        0.9692857142857143,
        0.9718571428571429,
        0.9745,
        0.9739285714285715,
        0.9746428571428571,
        0.9741428571428571,
        0.9765714285714285,
        0.9758571428571429,
        0.9763571428571428,
        0.9767857142857143,
        0.9781428571428571,
        0.9781428571428571,
        0.9791428571428571,
        0.9785,
        0.9793571428571428,
        0.9800714285714286,
        0.9785714285714285,
        0.9797142857142858,
        0.9777857142857143,
        0.9854285714285714,
        0.9851428571428571,
        0.9857857142857143,
        0.9849285714285714,
        0.9865714285714285,
        0.9863571428571428
    ],
    "val_loss": [
        0.3523922889232636,
        0.23840040969848633,
        0.23458724931875866,
        0.2522983892361323,
        0.15130230482419332,
        0.1470526133577029,
        0.1572507392168045,
        0.1332524580756823,
        0.13368486367662746,
        0.14212479895850022,
        0.1434087277998527,
        0.11356527148187161,
        0.10342304572463036,
        0.1104988230119149,
        0.08936175478125612,
        0.1650087879250447,
        0.09527384549255172,
        0.09746133620788654,
        0.10721532481412092,
        0.09513257694244384,
        0.1162882621238629,
        0.10888033741464218,
        0.08875482389827569,
        0.09644274342308441,
        0.11322827951299648,
        0.11514135964711507,
        0.14475218366086484,
        0.11393665000423789,
        0.08830683602765202,
        0.08549275733654697,
        0.09527690306616327,
        0.08022308095979194,
        0.0967085627441605,
        0.12017732828420898,
        0.10195821979641914,
        0.07913910014554858,
        0.13863941495244703,
        0.08113033763132989,
        0.08291440278167526,
        0.07971245755503575,
        0.07394222486019135,
        0.10839684163716932,
        0.13556440840040643,
        0.07469277027000984,
        0.08156558334082364,
        0.08325416698648284,
        0.10455133375929047,
        0.08961236676480622,
        0.1047375717619434,
        0.09858347175177187
    ],
    "val_acc": [
        0.87,
        0.9126666666666666,
        0.9166666666666666,
        0.913,
        0.9403333333333334,
        0.9446666666666667,
        0.9433333333333334,
        0.947,
        0.9556666666666667,
        0.9526666666666667,
        0.9553333333333334,
        0.9583333333333334,
        0.9646666666666667,
        0.9646666666666667,
        0.9676666666666667,
        0.9543333333333334,
        0.967,
        0.9693333333333334,
        0.9646666666666667,
        0.967,
        0.9663333333333334,
        0.965,
        0.969,
        0.97,
        0.9666666666666667,
        0.9616666666666667,
        0.96,
        0.9633333333333334,
        0.9696666666666667,
        0.9716666666666667,
        0.9706666666666667,
        0.974,
        0.972,
        0.9703333333333334,
        0.9683333333333334,
        0.9746666666666667,
        0.9646666666666667,
        0.9756666666666667,
        0.974,
        0.9733333333333334,
        0.9746666666666667,
        0.969,
        0.9643333333333334,
        0.9753333333333334,
        0.9766666666666667,
        0.975,
        0.9703333333333334,
        0.9736666666666667,
        0.972,
        0.9723333333333334
    ]
}