{
    "train_loss": [
        0.5147254823275975,
        0.4135193943125861,
        0.39226559570857455,
        0.3664846476146153,
        0.34454850224086214,
        0.3306714757851192,
        0.30025467609507694,
        0.2136200213943209,
        0.1762597585107599,
        0.15752863257271904,
        0.143016098727073,
        0.1342785612472466,
        0.12319275350017207,
        0.11633591097380434,
        0.10001023586573346,
        0.09338340875080653,
        0.090209362854915,
        0.0799831885642239,
        0.08493967332690955,
        0.07575684682865227,
        0.07405982601349907,
        0.06847129437247557,
        0.06425726317374834,
        0.06455524448465023,
        0.05449579687216984,
        0.05360058448689857,
        0.05121932745325778,
        0.04960605965874025,
        0.05277155416498759,
        0.04539886462448963,
        0.04630001747761188,
        0.04558962340666247,
        0.04542041345572631,
        0.036433925139052525,
        0.039959078456275166,
        0.03575988113294755,
        0.038472072332099615,
        0.036762239556177516,
        0.038242551603786916,
        0.03461457590379619,
        0.03042484293166282,
        0.035690294758749325,
        0.032461585224290115,
        0.033754549186560324,
        0.031971228155373996,
        0.028974774558030603
    ],
    "train_acc": [
        0.7492142857142857,
        0.7983571428571429,
        0.8045714285714286,
        0.8155714285714286,
        0.822,
        0.8248571428571428,
        0.8575714285714285,
        0.9181428571428571,
        0.9314285714285714,
        0.9377857142857143,
        0.9410714285714286,
        0.9476428571428571,
        0.9518571428571428,
        0.9562857142857143,
        0.9598571428571429,
        0.9642142857142857,
        0.9675,
        0.971,
        0.9679285714285715,
        0.9726428571428571,
        0.9727857142857143,
        0.9737142857142858,
        0.9761428571428571,
        0.9757142857142858,
        0.9817142857142858,
        0.9806428571428571,
        0.9820714285714286,
        0.9819285714285715,
        0.981,
        0.9827857142857143,
        0.9839285714285714,
        0.9849285714285714,
        0.9837142857142858,
        0.9857142857142858,
        0.9865714285714285,
        0.987,
        0.9859285714285714,
        0.9863571428571428,
        0.9873571428571428,
        0.9880714285714286,
        0.9890714285714286,
        0.9877142857142858,
        0.9897142857142858,
        0.9889285714285714,
        0.9881428571428571,
        0.9891428571428571
    ],
    "val_loss": [
        0.4490166569550832,
        0.36772841366132103,
        0.34889594372113547,
        0.31842855286598204,
        0.2948361078898112,
        0.27946195809046426,
        0.16794615467389426,
        0.1437501771847407,
        0.14385096192359925,
        0.11920835399627686,
        0.11933998948335647,
        0.09936791422963143,
        0.09362540491422018,
        0.09194017991423607,
        0.09927199648320675,
        0.08125201981887221,
        0.08200648758746684,
        0.07364996074326337,
        0.08433138184497754,
        0.07261583501473069,
        0.07524873624307414,
        0.09235528769344091,
        0.08760994476576646,
        0.12185147685495516,
        0.0868973369790862,
        0.07891809736688932,
        0.06669893315186103,
        0.09543765615330388,
        0.08340017629445841,
        0.10108343696423495,
        0.08384664482002457,
        0.08884051336006572,
        0.0762076698821038,
        0.09017665800203879,
        0.08784052438661456,
        0.08420740567225342,
        0.08033968711900524,
        0.07773902423361627,
        0.08530714862219368,
        0.10706695446073233,
        0.10912983738134305,
        0.12783676348114387,
        0.09554483124660328,
        0.10094972361181863,
        0.10644234020534592,
        0.11213276162759091
    ],
    "val_acc": [
        0.7923333333333333,
        0.8216666666666667,
        0.8223333333333334,
        0.8336666666666667,
        0.836,
        0.8463333333333334,
        0.942,
        0.939,
        0.9396666666666667,
        0.9526666666666667,
        0.9473333333333334,
        0.9586666666666667,
        0.9646666666666667,
        0.9666666666666667,
        0.9586666666666667,
        0.9696666666666667,
        0.9706666666666667,
        0.972,
        0.97,
        0.9713333333333334,
        0.972,
        0.9673333333333334,
        0.9663333333333334,
        0.9596666666666667,
        0.9676666666666667,
        0.9693333333333334,
        0.9733333333333334,
        0.9686666666666667,
        0.969,
        0.9683333333333334,
        0.9706666666666667,
        0.968,
        0.972,
        0.969,
        0.9706666666666667,
        0.9743333333333334,
        0.9713333333333334,
        0.9736666666666667,
        0.972,
        0.9696666666666667,
        0.9686666666666667,
        0.965,
        0.97,
        0.9693333333333334,
        0.9696666666666667,
        0.9666666666666667
    ]
}