{
    "train_loss": [
        0.7306522130966187,
        0.7205986666679383,
        0.6998336672782898,
        0.6904071211814881,
        0.6933208465576172,
        0.6895009469985962,
        0.6757527065277099,
        0.6750046730041503,
        0.6766152000427246,
        0.6904299283027648,
        0.6855101490020752,
        0.6862948560714721,
        0.6795395469665527,
        0.6764847731590271,
        0.6776227831840516,
        0.6776659154891967,
        0.6725113844871521,
        0.6867833042144775,
        0.691353235244751,
        0.67561363697052
    ],
    "train_acc": [
        0.45375,
        0.47625,
        0.5125,
        0.53375,
        0.50125,
        0.51875,
        0.53875,
        0.545,
        0.55625,
        0.5575,
        0.5425,
        0.55125,
        0.535,
        0.55125,
        0.59,
        0.56,
        0.55125,
        0.5625,
        0.55625,
        0.57875
    ],
    "val_loss": [
        0.7072967958450317,
        0.6876420640945434,
        0.6669141936302185,
        0.6584582352638244,
        0.6572219443321228,
        0.6591929912567138,
        0.6540590906143189,
        0.6401204133033752,
        0.6270605850219727,
        0.6328952240943909,
        0.6421971321105957,
        0.65011474609375,
        0.6469256401062011,
        0.6368432569503785,
        0.6275676488876343,
        0.616365487575531,
        0.6202088642120361,
        0.6244122815132142,
        0.6379240322113037,
        0.6452238917350769
    ],
    "val_acc": [
        0.47,
        0.515,
        0.61,
        0.665,
        0.7,
        0.73,
        0.795,
        0.81,
        0.845,
        0.85,
        0.845,
        0.845,
        0.69,
        0.69,
        0.69,
        0.81,
        0.8,
        0.8,
        0.795,
        0.76
    ]
}